Bank Account,Date,Narrative,Debit Amount,Credit Amount,Balance,Categories,Serial
32010199734,15/11/2022,PAYMENT BY AUTHORITY TO EXETEL 505998,99,,118279.44,PAYMENT,
32010199734,9/11/2022,WITHDRAWAL MOBILE MULTI 1755845 PYMT PA22110902 Payment,11800.43,,118378.44,PAYMENT,
32010199734,9/11/2022,WITHDRAWAL MOBILE MULTI 1753685 PYMT PA22110901 Payment,16258.98,,130178.87,PAYMENT,
32010199734,9/11/2022,DEPOSIT 020068,,9000,146437.85,DEP,
32010199734,9/11/2022,DEPOSIT 020067,,9000,137437.85,DEP,
32010199734,9/11/2022,DEPOSIT 000001,,9000,128437.85,DEP,
32010199734,9/11/2022,DEPOSIT AUK SERVICE PTY        AUK OT878179,,577.5,119437.85,DEP,
32010199734,9/11/2022,RTGS HIGH VALUE PAYMENT REF NO 0341289 YSD (HK) TECHNOLO,,897.61,118860.35,DEP,
32010199734,9/11/2022,RTGS HIGH VALUE PAYMENT REF NO 0340989 YOFC INTERNATIONA,,4400,117962.74,DEP,
32010199734,9/11/2022,DEPOSIT 2416772 JACKIE LY CA877630 TLA CA877630 TLA,,4762.48,113562.74,DEP,
32010199734,9/11/2022,DEPOSIT-OSKO PAYMENT 2868424 KURT S KIGGINS,,915.4,108800.26,DEP,
32010199734,9/11/2022,DEPOSIT-OSKO PAYMENT 2296415 KEEPRO INTERNATIONAL PTY LTD OT882976 OT882976,,55,107884.86,DEP,
32010199734,9/11/2022,DEPOSIT-OSKO PAYMENT 2148377 JIAQIN ZHENG,,295.84,107829.86,DEP,
32010199734,9/11/2022,DEPOSIT-OSKO PAYMENT 2074136 FASTGO PTY. LTD. pay all,,26448.98,107534.02,DEP,
